fontTitleLarge,google-symbols,bYkqId,wNNZR,hfpxzc href,qBF1Pd,MW4etd,UY7F9,W4Efsd,W4Efsd (2),W4Efsd (3),W4Efsd (4),W4Efsd (5),W4Efsd (6),UsdlK,Cw1rxd,R8c4Qb,doJOZc,W4Efsd (7),lcr4fd href,Cw1rxd (2),R8c4Qb (2),ah5Ghc,M4A5Cf,ah5Ghc (2),e4rVHe
結果,,,分享,,,,,,,,,,,,,,,,,,,,,,
結果,,,分享,,,,,,,,,,,,,,,,,,,,,,
,,,,https://www.google.com/maps/place/%E6%96%B0%E6%B3%B0%E6%B0%B4%E9%9B%BB%E8%A1%8C/data=!4m7!3m6!1s0x3442a98f536b7d3b:0x51835d8f939ac1ae!8m2!3d25.0231644!4d121.5311731!16s%2Fg%2F1pzxb_syr!19sChIJO31rU4-pQjQRrsGak49dg1E?authuser=0&hl=zh-TW&rclk=1,新泰水電行,4.7,(39),水電承辦商,·,泰順街48-1號,已打烊,· 開始營業時間：週一08:00,·,02 2363 1616,,規劃路線,,,,,,,,,
,,,,https://www.google.com/maps/place/%E6%B3%B0%E9%A0%86%E6%B0%B4%E9%9B%BB%E8%A1%8C/data=!4m7!3m6!1s0x3442a9867fd58a2d:0xebe316b252ce9af9!8m2!3d25.0261146!4d121.5314532!16s%2Fg%2F1pzydvz87!19sChIJLYrVf4apQjQR-ZrOUrIW4-s?authuser=0&hl=zh-TW&rclk=1,泰順水電行,2.6,(84),水匠,·,和平東路一段208號,已打烊,· 開始營業時間：週一08:00,·,02 2363 5280,,規劃路線,,,,,,,,,
,,,,https://www.google.com/maps/place/%E8%9E%A2%E5%85%89%E6%B0%B4%E9%9B%BB%E5%B7%A5%E7%A8%8B%E8%A1%8C/data=!4m7!3m6!1s0x3442a99121728e1f:0xdf04c6f6bc96edf2!8m2!3d25.0230348!4d121.5210809!16s%2Fg%2F1pzs_18y1!19sChIJH45yIZGpQjQR8u2WvPbGBN8?authuser=0&hl=zh-TW&rclk=1,螢光水電工程行,3.6,(57),水電承辦商,·,同安街83號,已打烊,· 開始營業時間：週一08:00,·,02 2367 0705,,規劃路線,,,,,,,,,
,,,,https://www.google.com/maps/place/%E7%AB%8B%E7%A5%A5%E6%B0%B4%E9%9B%BB%E8%A1%8C/data=!4m7!3m6!1s0x3442a991cf791ded:0xd2bb9608102a05d6!8m2!3d25.0217851!4d121.5247211!16s%2Fg%2F1pzv74rp3!19sChIJ7R15z5GpQjQR1gUqEAiWu9I?authuser=0&hl=zh-TW&rclk=1,立祥水電行,3.7,(29),水匠,·,汀州路二段305號,已打烊,· 開始營業時間：週一09:00,·,02 2367 8948,,規劃路線,,,,,,,,,
,,,,https://www.google.com/maps/place/%E4%BF%A1%E5%AE%9C%E6%B0%B4%E9%9B%BB%E8%A1%8C/data=!4m7!3m6!1s0x3442a996b81cf7f9:0xc0102cbe6e9909c5!8m2!3d25.0224521!4d121.5191225!16s%2Fg%2F11btv66grj!19sChIJ-fccuJapQjQRxQmZbr4sEMA?authuser=0&hl=zh-TW&rclk=1,信宜水電行,4.6,(76),水電承辦商,·,牯嶺街155號,已打烊,· 開始營業時間：週一09:00,·,0910 901 992,,規劃路線,,,,,,,,,
,,,,https://www.google.com/maps/place/%E7%BE%A9%E5%BF%A0%E6%B0%B4%E9%9B%BB%E8%A1%8C/data=!4m7!3m6!1s0x3442a990c08e5237:0x686b418e1c0f46b6!8m2!3d25.0246162!4d121.5179409!16s%2Fg%2F1pzrbz8wk!19sChIJN1KOwJCpQjQRtkYPHI5Ba2g?authuser=0&hl=zh-TW&rclk=1,義忠水電行,4.6,(110),水電承辦商,·,廈門街81巷7號,,,,02 2368 5686,,規劃路線,,,,,,,,,
,,,,https://www.google.com/maps/place/%E8%87%B3%E5%96%84%E6%B0%B4%E9%9B%BB%E8%A1%8C/data=!4m7!3m6!1s0x3442a9835f38f051:0xc846f366a79f9012!8m2!3d25.0299588!4d121.5267302!16s%2Fg%2F11xbcbpz6!19sChIJUfA4X4OpQjQREpCfp2bzRsg?authuser=0&hl=zh-TW&rclk=1,至善水電行,4.8,"(1,373)",熱水系統供應商,·,·,金山南路二段125號,已打烊,· 開始營業時間：週一10:30,02 2393 6600,,網站,,·,https://www.facebook.com/JSMALLTW/,,規劃路線,門市服務,,,
,,,,https://www.google.com/maps/place/%E5%A4%A7%E5%AE%B6%E6%B0%B4%E9%9B%BB%E8%A1%8C/data=!4m7!3m6!1s0x3442a989431e7e4d:0x5f2b4e7b33568c6d!8m2!3d25.018738!4d121.5326004!16s%2Fg%2F11bzt6b14_!19sChIJTX4eQ4mpQjQRbYxWM3tOK18?authuser=0&hl=zh-TW&rclk=1,大家水電行,2.9,(25),水匠,·,新生南路三段86巷9號,,,,02 2362 6288,,規劃路線,,,,,,,,,
,,,,https://www.google.com/maps/place/%E5%B3%B0%E8%A3%95%E6%B0%B4%E9%9B%BB%E5%86%B7%E6%B0%A3%E8%A1%8C/data=!4m7!3m6!1s0x3442a98392abb461:0xdbec4a2eecc1a5ab!8m2!3d25.0298513!4d121.5298218!16s%2Fg%2F1pzvpjnw3!19sChIJYbSrkoOpQjQRq6XB7C5K7Ns?authuser=0&hl=zh-TW&rclk=1,峰裕水電冷氣行,4.3,(63),水電承辦商,·,金華街231號,·,營業中,· 打烊時間：23:30,0908 897 697,,網站,,,https://lin.ee/plMMjjn,,規劃路線,門市服務,·,線上估價服務,
,,,,https://www.google.com/maps/place/%E7%A6%8F%E8%B1%90%E6%B0%B4%E9%9B%BB%E8%A1%8C/data=!4m7!3m6!1s0x3442a9002951e32b:0x302175e43b99bee1!8m2!3d25.0222918!4d121.5309884!16s%2Fg%2F11wc4hgxhp!19sChIJK-NRKQCpQjQR4b6ZO-R1ITA?authuser=0&hl=zh-TW&rclk=1,福豐水電行,5.0,(1),水電承辦商,·,泰順街60巷2號1 樓,已打烊,· 開始營業時間：週一09:00,·,02 2363 8503,,規劃路線,,,,,,,,,
,,,,https://www.google.com/maps/place/%E8%87%B3%E8%8D%83%E6%B0%B4%E9%9B%BB%E6%9D%90%E6%96%99%E6%9C%89%E9%99%90%E5%85%AC%E5%8F%B8/data=!4m7!3m6!1s0x3442a99715034029:0xe0c0e1e419aceb87!8m2!3d25.02515!4d121.5182797!16s%2Fg%2F1pzy0sprl!19sChIJKUADFZepQjQRh-usGeThwOA?authuser=0&hl=zh-TW&rclk=1,至荃水電材料有限公司,4.0,(64),衛浴用品店,·,汀州路二段62號,已打烊,· 開始營業時間：週一08:15,·,02 2367 2775,,規劃路線,,,,,,外送,,,
,,,,https://www.google.com/maps/place/%E8%80%81%E5%A8%98%E4%B8%8D%E5%B9%B9%E4%BA%86+%E5%A4%A7%E9%A0%AD%E6%B0%B4%E9%9B%BB%E6%9D%90%E6%96%99+%E7%99%BD%E8%89%B2%E6%B0%B4%E7%AE%A1+%E7%B4%94%E6%A3%89%E5%8D%B0%E8%8A%B1%E5%B8%83+%E4%BA%94%E9%87%91+%E6%B2%92%E8%B3%A3%E8%8F%9C%E8%8B%97%E5%92%8C%E7%A8%AE%E5%AD%90/data=!4m7!3m6!1s0x3442a999847347b5:0xef8f9b80fbe594ff!8m2!3d25.0259822!4d121.5332443!16s%2Fg%2F11glwgnt3v!19sChIJtUdzhJmpQjQR_5Tl-4Cbj-8?authuser=0&hl=zh-TW&rclk=1,老娘不幹了 大頭水電材料 白色水管 純棉印花布 五金 沒賣菜苗和種子,4.8,(6),家居用品店,·,和平東路一段258號12樓,,,,0921 104 500,,規劃路線,,,,,,,,,
,,,,https://www.google.com/maps/place/%E5%8F%8B%E4%BF%A1%E5%BB%BA%E6%9D%90%E4%BA%94%E9%87%91%E8%A1%8C/data=!4m7!3m6!1s0x3442a985ffd6166f:0x9e64f902e36c96ce!8m2!3d25.0236828!4d121.5313004!16s%2Fg%2F11csp7scct!19sChIJbxbW_4WpQjQRzpZs4wL5ZJ4?authuser=0&hl=zh-TW&rclk=1,友信建材五金行,4.3,(103),建築材料供應商,·,·,已打烊,· 開始營業時間：週一07:00,泰順街44巷1號,02 8369 5529,,規劃路線,,·,,,,,,,
,,,,https://www.google.com/maps/place/%E5%85%83%E6%88%90%E5%86%B7%E6%B0%A3%E9%9B%BB%E6%A9%9F%E8%A1%8C/data=!4m7!3m6!1s0x3442a990105cefcd:0x3a592afb5745b5e6!8m2!3d25.024253!4d121.5248225!16s%2Fg%2F1tdkvckf!19sChIJze9cEJCpQjQR5rVFV_sqWTo?authuser=0&hl=zh-TW&rclk=1,元成冷氣電機行,4.0,(5),水電承辦商,·,羅斯福路三段3號,已打烊,· 開始營業時間：週一09:00,·,02 2369 5088,,規劃路線,,,,,,,,,
,,,,https://www.google.com/maps/place/%E5%B4%A2%E7%B0%A7%E8%A1%8C-%E5%B0%88%E6%A5%AD%E5%9C%9F%E6%9C%A8%E6%B0%B4%E9%9B%BB%E5%BB%9A%E5%85%B7%E8%A3%9D%E6%BD%A2/data=!4m7!3m6!1s0x3442a9908d16a04b:0x8d23b9dde1a9717a!8m2!3d25.0245158!4d121.5221848!16s%2Fg%2F12llrw1k_!19sChIJS6AWjZCpQjQRenGp4d25I40?authuser=0&hl=zh-TW&rclk=1,崢簧行-專業土木水電廚具裝潢,3.3,(3),廚房用品店,·,同安街47號,已打烊,· 開始營業時間：週一09:00,·,02 2368 7476,,規劃路線,,,,,,店內購物,,,
,,,,https://www.google.com/maps/place/%E5%88%A9%E4%BE%86%E6%B0%B4%E9%9B%BB%E8%A1%8C/data=!4m7!3m6!1s0x3442a98670931533:0xf84fed02e3d7cccc!8m2!3d25.0254639!4d121.5318033!16s%2Fg%2F1pzwq8hgq!19sChIJMxWTcIapQjQRzMzX4wLtT_g?authuser=0&hl=zh-TW&rclk=1,利來水電行,3.3,(6),水匠,·,溫州街16巷23號,,,,02 2363 6673,,規劃路線,,,,,,,,,
,,,,https://www.google.com/maps/place/%E6%AD%A3%E6%9D%B1%E4%BA%94%E9%87%91%E8%A1%8C/data=!4m7!3m6!1s0x3442a9860a272c7d:0xfbc3c1cc89298fb1!8m2!3d25.0243468!4d121.531335!16s%2Fg%2F11dxr5sryp!19sChIJfSwnCoapQjQRsY8piczBw_s?authuser=0&hl=zh-TW&rclk=1,正東五金行,3.7,(43),五金用品店,·,38號之5號 泰順街 龍泉里,已打烊,· 開始營業時間：週一05:00,·,02 2362 3838,,規劃路線,,,,,,外送,,,
,,,,https://www.google.com/maps/place/%E6%9D%B1%E9%8C%A6%E6%B0%B4%E9%9B%BB%E5%B7%A5%E7%A8%8B%E6%9C%89%E9%99%90%E5%85%AC%E5%8F%B8/data=!4m7!3m6!1s0x3442a991140549e5:0x6088c4973a28311f!8m2!3d25.022131!4d121.521613!16s%2Fg%2F1pzqqdf_6!19sChIJ5UkFFJGpQjQRHzEoOpfEiGA?authuser=0&hl=zh-TW&rclk=1,東錦水電工程有限公司,3.7,(3),金門街34巷15號,,,,,,02 2368 7021,,規劃路線,,,,,,,,,
,,,,https://www.google.com/maps/place/%E5%8E%9F%E6%B9%A0%E6%9C%89%E9%99%90%E5%85%AC%E5%8F%B8%28%E5%8E%9F%E6%B0%B4%E9%9B%BB%E5%92%96%E5%95%A1%29/data=!4m7!3m6!1s0x3442a9977ac6ce73:0x5e0a0ccbb0e4641e!8m2!3d25.0262295!4d121.5176465!16s%2Fg%2F1jgl_n9xq!19sChIJc87GepepQjQRHmTksMsMCl4?authuser=0&hl=zh-TW&rclk=1,原湠有限公司(原水電咖啡),3.8,(20),水電承辦商,·,廈門街22號,已打烊,· 開始營業時間：週一09:00,·,02 2365 1218,,規劃路線,,,,,,,,,
,,,,https://www.google.com/maps/place/%E9%A3%9B%E5%88%A9%E6%B5%A6%E7%85%A7%E6%98%8E%E6%8C%87%E5%AE%9A%E7%B6%93%E9%8A%B7%E5%95%86_%E5%85%A8%E5%A8%81%E6%B0%B4%E9%9B%BB%E6%9D%90%E6%96%99/data=!4m7!3m6!1s0x3442a967e97f0ad1:0xbd154de9cb4af68b!8m2!3d25.0251494!4d121.5182928!16s%2Fg%2F11kpk2ws8r!19sChIJ0Qp_6WepQjQRi_ZKy-lNFb0?authuser=0&hl=zh-TW&rclk=1,飛利浦照明指定經銷商_全威水電材料,3.0,(2),五金用品店,·,汀州路二段62號,已打烊,· 開始營業時間：週一08:00,·,02 2367 2775,,規劃路線,,,,,,外送,,,
,,,,https://www.google.com/maps/place/%E4%BF%AE%E7%B9%95%E5%AE%B6%E6%B0%B4%E9%9B%BB%E5%86%B7%E6%B0%A3%EF%BC%8E%E4%BF%9D%E5%93%A5/data=!4m7!3m6!1s0x3442abcc29172049:0x6622186d063e0ef0!8m2!3d25.049917!4d121.567327!16s%2Fg%2F11qrsl7lgx!19sChIJSSAXKcyrQjQR8A4-Bm0YImY?authuser=0&hl=zh-TW&rclk=1,修繕家水電冷氣．保哥,5.0,(529),修繕公司,·,5號 南京東路五段286巷,已打烊,· 開始營業時間：週一09:00,·,02 2747 4200,,網站,,,https://www.google.com/aclk?sa=L&ai=DChsSEwjO8M2P__2SAxVefg8CHZNdPVMYACICCAEQABoCdGI&co=1&ase=2&gclid=Cj0KCQiAwYrNBhDcARIsAGo3u31Nh-tyVWn0SEyAEXi7wFzSCzFDN-8R1MrnEdL-cDG-HHMb9daQBiwaAn2kEALw_wcB&cid=CAASuwHkaBoCfhs8VZt7gdzqrB8H92dm871gPNFLzk3PtQ4IHLy3750ZNu6NBd1cz36XgW6eBY-DgCrrphwapcLSNmQ4sjI51pPutOmabWtTTIU0JRkLGiMAZRmh0_wImIPANZ7Q2vtOuhBZ4OLS8uouAjwiYvCr1NVirKsdvysTV-SoGIQMjk2B65x9AgIpjYdQB052GiZMgrXeAWBWBZ1NTkJ0kkQYlKABYQTpHtLqWOWe1yRxqJyjhQNTOX1z&cce=2&category=acrcp_v1_32&sig=AOD64_2_rttZrE6rVpRgGGQM_0Yb4XX55Q&adurl&q&ctype=99&nis=6,,規劃路線,,,,
,,,,https://www.google.com/maps/place/%E4%B8%80%E9%B4%BB%E6%B0%B4%E9%9B%BB%E8%A1%8C/data=!4m7!3m6!1s0x3442a9924031f52f:0xb466962c8d6e390!8m2!3d25.0187385!4d121.524406!16s%2Fg%2F11bbrn062f!19sChIJL_UxQJKpQjQRkOPWyGJpRgs?authuser=0&hl=zh-TW&rclk=1,一鴻水電行,,,建築工程,·,水源路35巷15號4 樓,,,,02 2365 8077,,規劃路線,,,,,,,,,沒有任何評論
,,,,https://www.google.com/maps/place/%E5%BB%BA%E5%88%A9%E5%BB%9A%E5%85%B7%E6%B0%B4%E9%9B%BB/data=!4m7!3m6!1s0x3442a942b151b05b:0xda7002c2a412c61c!8m2!3d25.0234385!4d121.5311956!16s%2Fg%2F11jzx65srq!19sChIJW7BRsUKpQjQRHMYSpMICcNo?authuser=0&hl=zh-TW&rclk=1,建利廚具水電,2.0,(1),水匠,·,泰順街46號,已打烊,· 開始營業時間：週一09:00,·,02 2362 9050,,規劃路線,,,,,,,,,
,,,,https://www.google.com/maps/place/%E5%A5%87%E9%BE%8D%E6%B0%B4%E9%9B%BB%E6%9D%90%E6%96%99/data=!4m7!3m6!1s0x34681f14804b27f5:0xf59dc814d237f127!8m2!3d24.9899289!4d121.2881955!16s%2Fg%2F11g0ldjggz!19sChIJ9SdLgBQfaDQRJ_E30hTInfU?authuser=0&hl=zh-TW&rclk=1,奇龍水電材料,4.9,(19),水管用品店,·,中山路908號,已打烊,· 開始營業時間：週一09:00,·,03 217 1002,,規劃路線,,,,,,外送,,,
,,,,https://www.google.com/maps/place/%E5%A4%A7%E6%A8%B9%E6%9E%97%E6%B0%B4%E9%9B%BB%E6%9D%90%E6%96%99-%E6%AB%BB%E8%8A%B1%2F%E8%8E%8A%E9%A0%AD%E5%8C%97%E8%81%B7%E4%BA%BA%E5%BA%97/data=!4m7!3m6!1s0x34681ee455555555:0xb4a764f1f8519a71!8m2!3d24.9910281!4d121.3019272!16s%2Fg%2F11c593wl_l!19sChIJVVVVVeQeaDQRcZpR-PFkp7Q?authuser=0&hl=zh-TW&rclk=1,大樹林水電材料-櫻花/莊頭北職人店,4.1,(174),五金用品店,·,復興路417、419號,·,營業中,· 打烊時間：15:20,03 375 9905,,網站,,,https://lin.ee/atGARVL,,規劃路線,來店取貨,·,外送,
,,,,https://www.google.com/maps/place/%E6%AD%A3%E7%BF%94%E6%B0%B4%E9%9B%BB%E8%A1%9B%E7%94%9F%E6%9D%90%E6%96%99%E6%9C%89%E9%99%90%E5%85%AC%E5%8F%B8/data=!4m7!3m6!1s0x3442aa2c6003ab3b:0xfd654230595fffd5!8m2!3d25.0285669!4d121.5441203!16s%2Fg%2F1tjdcwwq!19sChIJO6sDYCyqQjQR1f9fWTBCZf0?authuser=0&hl=zh-TW&rclk=1,正翔水電衛生材料有限公司,4.1,(271),衛浴用品店,·,復興南路二段151巷9號,已打烊,· 開始營業時間：週一08:00,·,02 2704 1212,,規劃路線,,,,,,來店取貨,·,外送,
,,,,https://www.google.com/maps/place/%E6%97%A5%E6%96%B0%E6%B0%B4%E9%9B%BB%E8%A1%9B%E7%94%9F%E6%9D%90%E6%96%99%E6%9C%89%E9%99%90%E5%85%AC%E5%8F%B8/data=!4m7!3m6!1s0x3442a98b1a0f71c9:0xd7f624fba5bde423!8m2!3d25.0141192!4d121.5334386!16s%2Fg%2F1tj43lmm!19sChIJyXEPGoupQjQRI-S9pfsk9tc?authuser=0&hl=zh-TW&rclk=1,日新水電衛生材料有限公司,3.3,(47),水管用品店,·,汀州路三段118號,已打烊,· 開始營業時間：週一08:00,·,02 2365 5152,,規劃路線,,,,,,來店取貨,·,外送,
,,,,https://www.google.com/maps/place/%E5%85%A8%E5%AF%8C%E6%B0%B4%E9%9B%BB%E8%A1%8C/data=!4m7!3m6!1s0x3442a9992326e5ad:0x8225560a2cb00ab6!8m2!3d25.030924!4d121.5177143!16s%2Fg%2F11hczcf0lc!19sChIJreUmI5mpQjQRtgqwLApWJYI?authuser=0&hl=zh-TW&rclk=1,全富水電行,2.5,(40),水匠,·,寧波西街55號,·,營業中,· 打烊時間：15:00,02 2351 8313,,網站,,,https://twypage.com/sd-1858-B-%E5%8F%B0%E5%8C%97-%E5%85%A8%E5%AF%8C%E6%B0%B4%E9%9B%BB%E8%A1%8C.html,,規劃路線,,,,
,,,,https://www.google.com/maps/place/Canon+%E5%8F%B0%E5%8C%97%E5%AE%A2%E6%9C%8D%E5%B1%95%E7%A4%BA%E4%B8%AD%E5%BF%83/data=!4m7!3m6!1s0x3442a99a6132d3cd:0xaa0a164049ff917c!8m2!3d25.0266221!4d121.522439!16s%2Fg%2F11h01z5s1!19sChIJzdMyYZqpQjQRfJH_SUAWCqo?authuser=0&hl=zh-TW&rclk=1,Canon 台北客服展示中心,4.2,(554),相機專賣店,·,·,羅斯福路二段100號19樓之1,已打烊,· 開始營業時間：週一09:00,02 6630 6805,,網站,,·,https://store.canon.com.tw/,,規劃路線,店內購物,·,來店取貨,
,,,,https://www.google.com/maps/place/%E6%80%A1%E6%98%8C%E6%B0%B4%E9%9B%BB%E6%9D%90%E6%96%99%E6%9C%89%E9%99%90%E5%85%AC%E5%8F%B8/data=!4m7!3m6!1s0x3442a9bd20477cb9:0x8ec02bbef8c97cfc!8m2!3d25.0269325!4d121.5114112!16s%2Fg%2F11c6z11zdw!19sChIJuXxHIL2pQjQR_HzJ-L4rwI4?authuser=0&hl=zh-TW&rclk=1,怡昌水電材料有限公司,3.5,(50),批發商,·,汀州路一段199號,·,已打烊,· 開始營業時間：週一07:30,02 2339 6685,,網站,,,https://m.facebook.com/pages/category/local/%E6%80%A1%E6%98%8C%E6%B0%B4%E9%9B%BB%E6%9D%90%E6%96%99%E6%9C%89%E9%99%90%E5%85%AC%E5%8F%B8-1597746127152351/,,規劃路線,,,,
,,,,https://www.google.com/maps/place/%E5%BB%A3%E9%A0%86%E6%B0%B4%E9%9B%BB%E6%9D%90%E6%96%99/data=!4m7!3m6!1s0x34681f105fada49b:0xa2a8d37bcfee3048!8m2!3d24.9911509!4d121.2954019!16s%2Fg%2F11g6njfb98!19sChIJm6StXxAfaDQRSDDuz3vTqKI?authuser=0&hl=zh-TW&rclk=1,廣順水電材料,4.5,(31),水管用品店,·,中山路660號1樓,已打烊,· 開始營業時間：週一09:00,·,03 332 1717,,規劃路線,,,,,,店內購物,·,外送,
,,,,https://www.google.com/maps/place/%E5%8C%A0%E6%B0%B4%E9%9B%BB/data=!4m7!3m6!1s0x34681f7a4bf8f531:0x6a78a5d412429210!8m2!3d24.8550344!4d121.2310146!16s%2Fg%2F11ffl_c4bf!19sChIJMfX4S3ofaDQREJJCEtSleGo?authuser=0&hl=zh-TW&rclk=1,匠水電,4.9,(35),水電承辦商,·,,,已打烊,· 開始營業時間：週一09:00,0909 037 980,,網站,,,https://www.facebook.com/Mr.ARTISAN0601/,,規劃路線,線上估價服務,,,
,,,,https://www.google.com/maps/place/%E5%81%89%E9%B3%B4%E6%B0%B4%E9%9B%BB%E8%A1%8C/data=!4m7!3m6!1s0x3442a99b0b7bd5f9:0xb889f4a518278358!8m2!3d25.0293284!4d121.5230066!16s%2Fg%2F1pzq600mn!19sChIJ-dV7C5upQjQRWIMnGKX0ibg?authuser=0&hl=zh-TW&rclk=1,偉鳴水電行,,,水匠,·,潮州街46號,,,,,,規劃路線,,,,,,,,,沒有任何評論
,,,,https://www.google.com/maps/place/%E7%B5%B1%E8%B3%80%E6%B0%B4%E9%9B%BB%E8%A1%8C/data=!4m7!3m6!1s0x3442a97872c4cb79:0x2b962d32769953ff!8m2!3d25.0356724!4d121.5270461!16s%2Fg%2F11hdjz7nhy!19sChIJecvEcnipQjQR_1OZdjItlis?authuser=0&hl=zh-TW&rclk=1,統賀水電行,4.6,(37),水電承辦商,·,杭州南路一段143巷35號1樓,已打烊,· 開始營業時間：週一10:00,·,02 2391 8414,,規劃路線,,,,,,門市服務,,,
,,,,https://www.google.com/maps/place/%E9%BC%8E%E6%A5%B5%E5%AE%A4%E5%85%A7%E8%A8%AD%E8%A8%88%2F%E8%A3%9D%E4%BF%AE%28%E5%B8%AB%E5%A4%A7%E5%BA%97%29/data=!4m7!3m6!1s0x3442a9e7b6e9582d:0x8b9d4c6a5e76a2e5!8m2!3d25.0231408!4d121.5290776!16s%2Fg%2F11sz5bc3wp!19sChIJLVjptuepQjQR5aJ2XmpMnYs?authuser=0&hl=zh-TW&rclk=1,鼎極室內設計/裝修(師大店),5.0,(230),室內設計服務,·,師大路83巷12號1樓,·,已打烊,· 開始營業時間：週一08:30,0983 840 206,,網站,,,https://www.dinji.com.tw/,,規劃路線,門市服務,,,
,,,,https://www.google.com/maps/place/%E9%8C%A6%E9%88%A6%E6%B0%B4%E9%9B%BB%E6%9D%90%E6%96%99%E6%9C%89%E9%99%90%E5%85%AC%E5%8F%B8/data=!4m7!3m6!1s0x34681f129dfe6707:0x6b6b21a0715441ea!8m2!3d24.995639!4d121.287322!16s%2Fg%2F1pzvk2mct!19sChIJB2f-nRIfaDQR6kFUcaAha2s?authuser=0&hl=zh-TW&rclk=1,錦鈦水電材料有限公司,4.4,(76),建築材料供應商,·,·,文中路273號,,,03 360 8586,,網站,,,http://class.ruten.com.tw/user/index00.php?s=k70309,,規劃路線,,,,
,,,,https://www.google.com/maps/place/%E4%BF%A1%E6%AF%85%E6%B0%B4%E9%9B%BB%E8%A1%8C/data=!4m7!3m6!1s0x3442aa29715faa2d:0xed41da6e8548881b!8m2!3d25.0257492!4d121.5402513!16s%2Fg%2F11fxx22tlb!19sChIJLapfcSmqQjQRG4hIhW7aQe0?authuser=0&hl=zh-TW&rclk=1,信毅水電行,,,水電承辦商,·,和平東路二段107巷4-1號,,,,02 2755 7548,,規劃路線,,,,,,,,,沒有任何評論
,,,,https://www.google.com/maps/place/%E6%98%87%E6%BA%90%E6%B0%B4%E9%9B%BB%E8%A1%8C/data=!4m7!3m6!1s0x3442a982a7c1afd1:0x5e7ff51e623abb37!8m2!3d25.0351958!4d121.5263598!16s%2Fg%2F11b69cfyxc!19sChIJ0a_Bp4KpQjQRN7s6Yh71f14?authuser=0&hl=zh-TW&rclk=1,昇源水電行,5.0,(9),公司,·,金山南路一段110巷20號,營業中,· 打烊時間：21:00,·,02 2321 3091,,規劃路線,,,,,,,,,
,,,,https://www.google.com/maps/place/%E5%84%AA%E6%B8%A5%E8%A8%AD%E8%A8%88+%E6%96%B0%E7%94%9F%E6%97%97%E8%89%A6%E5%BA%97%EF%BD%9C%E5%AE%A4%E5%85%A7%E8%A8%AD%E8%A8%88%E3%80%81%E5%AF%A6%E6%9C%A8%E5%AE%B6%E5%85%B7%E3%80%81%E8%A3%9D%E6%BD%A2%E8%A6%8F%E5%8A%83/data=!4m7!3m6!1s0x3442a988f6899759:0xa14c42c856094a83!8m2!3d25.0211725!4d121.5339553!16s%2Fg%2F1ptvt7t81!19sChIJWZeJ9oipQjQRg0oJVshCTKE?authuser=0&hl=zh-TW&rclk=1,優渥設計 新生旗艦店｜室內設計、實木家具、裝潢規劃,4.7,(127),室內設計服務,·,新生南路三段52號,·,營業中,· 打烊時間：21:00,02 2365 9788,,網站,,,http://bit.ly/3YRgHQ3,,規劃路線,外送,,,
,,,,https://www.google.com/maps/place/%E4%BD%B3%E8%88%88%E6%B0%B4%E9%9B%BB%E8%A1%8C/data=!4m7!3m6!1s0x3442a9ec0ebc8b8b:0xf6e38f32aea16d32!8m2!3d25.01123!4d121.5201881!16s%2Fg%2F1pzthfxn_!19sChIJi4u8DuypQjQRMm2hrjKP4_Y?authuser=0&hl=zh-TW&rclk=1,佳興水電行,3.2,(48),商店,·,竹林路129號,,,,02 8928 0363,,規劃路線,,,,,,外送,,,
,,,,https://www.google.com/maps/place/%E5%98%89%E5%92%8C%E6%B0%B4%E9%9B%BB%E5%86%B7%E6%B0%A3%E8%A1%8C/data=!4m7!3m6!1s0x34681f17a05ba8c5:0xc14b73e629211ba7!8m2!3d24.9856929!4d121.2953907!16s%2Fg%2F11k5n488ns!19sChIJxahboBcfaDQRpxshKeZzS8E?authuser=0&hl=zh-TW&rclk=1,嘉和水電冷氣行,3.6,(9),商店,·,泰昌三街152號,已打烊,· 開始營業時間：週一08:00,·,03 220 0278,,規劃路線,,,,,,,,,
,,,,https://www.google.com/maps/place/%E5%85%AC%E6%98%8E%E6%B0%B4%E9%9B%BB%E8%A1%8C/data=!4m7!3m6!1s0x3442aa28f1530973:0x97d2bc9c2a410e62!8m2!3d25.0231269!4d121.5402004!16s%2Fg%2F1pzrm4why!19sChIJcwlT8SiqQjQRYg5BKpy80pc?authuser=0&hl=zh-TW&rclk=1,公明水電行,4.0,(2),水匠,·,和平東路二段76巷17弄8號,,,,,,規劃路線,,,,,,,,,
,,,,https://www.google.com/maps/place/%E5%81%89%E6%A6%AE%E7%8E%BB%E7%92%83%E8%A1%8C+%E7%B4%97%E9%96%80+%E7%B4%97%E7%AA%97/data=!4m7!3m6!1s0x3442a98609a98e47:0x8ac73b0de51373ee!8m2!3d25.024351!4d121.5314621!16s%2Fg%2F1pzpv8tjp!19sChIJR46pCYapQjQR7nMT5Q07x4o?authuser=0&hl=zh-TW&rclk=1,偉榮玻璃行 紗門 紗窗,4.6,(29),玻璃店,·,泰順街31號,已打烊,· 開始營業時間：週一08:00,·,0932 374 488,,規劃路線,,,,,,,,,
,,,,https://www.google.com/maps/place/%E7%A6%8F%E5%85%A8%E6%B0%B4%E9%9B%BB%E8%A1%8C/data=!4m7!3m6!1s0x3442a9a8e122fae9:0x5c6d39e65ff843fa!8m2!3d25.0314823!4d121.5208626!16s%2Fg%2F11h_78bzs1!19sChIJ6foi4aipQjQR-kP4X-Y5bVw?authuser=0&hl=zh-TW&rclk=1,福全水電行,3.1,(13),水匠,·,金華街28號,已打烊,· 開始營業時間：週一09:00,,,,規劃路線,,,,,,門市服務,,,
,,,,https://www.google.com/maps/place/%E5%BE%A9%E8%88%88%E6%B0%B4%E9%9B%BB%E5%86%B7%E6%B0%A3%E7%88%90%E5%85%B7%E8%A1%8C/data=!4m7!3m6!1s0x3442abcb06309c09:0x6b0617b2673fedf6!8m2!3d25.026577!4d121.5429614!16s%2Fg%2F11dzxh4bh1!19sChIJCZwwBsurQjQR9u0_Z7IXBms?authuser=0&hl=zh-TW&rclk=1,復興水電冷氣爐具行,4.6,(23),水匠,·,復興南路二段210巷1號,·,24 小時營業,,02 2707 1818,,網站,,,https://www.facebook.com/profile.php?id=100088494355404,,規劃路線,門市服務,·,線上估價服務,
,,,,https://www.google.com/maps/place/%E5%85%89%E5%90%88%E7%85%A7%E6%98%8E%E6%9C%89%E9%99%90%E5%85%AC%E5%8F%B8/data=!4m7!3m6!1s0x3442a9903c975bdd:0xfdc26cb1e80dc168!8m2!3d25.0234165!4d121.5247817!16s%2Fg%2F1pzstb4yl!19sChIJ3VuXPJCpQjQRaMEN6LFswv0?authuser=0&hl=zh-TW&rclk=1,光合照明有限公司,,,燈飾店,·,中正區羅斯福路三段271號12樓之3,已打烊,· 開始營業時間：週一09:00,·,02 2367 3545,,規劃路線,,,,,,外送,,,沒有任何評論
,,,,https://www.google.com/maps/place/%E4%BD%91%E6%B0%91%E6%B0%B4%E9%9B%BB%E8%A1%8C/data=!4m7!3m6!1s0x3442a9eb04ffbb1f:0xb47f6c720f693398!8m2!3d25.0140632!4d121.5174945!16s%2Fg%2F11gb3t62c2!19sChIJH7v_BOupQjQRmDNpD3Jsf7Q?authuser=0&hl=zh-TW&rclk=1,佑民水電行,3.8,(23),水匠,·,復興街79號1F,已打烊,· 開始營業時間：週一09:30,·,02 8923 8296,,規劃路線,,,,,,,,,
,,,,https://www.google.com/maps/place/%E6%93%8E%E5%89%B5%E5%9C%8B%E9%9A%9B%E6%9C%89%E9%99%90%E5%85%AC%E5%8F%B8+X+%E5%9C%8B%E8%81%AF%E7%87%88%E5%85%89%E9%9F%B3%E9%9F%BF%E8%A6%96%E8%A8%8A/data=!4m7!3m6!1s0x3442a98dd323d919:0xb2c0e6d2e4a77ad!8m2!3d25.0199879!4d121.526409!16s%2Fg%2F1pzrvc4pl!19sChIJGdkj042pQjQRrXdKLm0OLAs?authuser=0&hl=zh-TW&rclk=1,擎創國際有限公司 X 國聯燈光音響視訊,4.9,(89),派對設備租借服務,·,汀州路三段23號1樓,·,已打烊,· 開始營業時間：週一10:00,02 2367 7943,,網站,,,https://www.engine-creative.com.tw/,,規劃路線,,,,
,,,,https://www.google.com/maps/place/%E3%80%90%E6%B0%B4%E9%9B%BB119%E3%80%91-%E6%A1%83%E5%9C%92%E5%B8%82%E6%B0%B4%E9%9B%BB%E8%A1%8C+%E8%80%81%E5%B1%8B%E7%BF%BB%E6%96%B0%2F%E8%A1%9B%E6%B5%B4%E8%A8%AD%E5%82%99%2F%E9%A6%AC%E6%A1%B6%2F%E5%8A%A0%E5%A3%93%E9%A6%AC%E9%81%94%2F%E6%B0%B4%E9%BE%8D%E9%A0%AD%2F%E6%B0%B4%E5%A1%94%E5%AE%89%E8%A3%9D+%E5%85%A8%E5%AE%A4%E6%8A%BD%E6%8F%9B%E9%9B%BB%E7%B7%9A%2F%E9%85%8D%E7%AE%A1%E9%85%8D%E7%B7%9A+%E6%B0%B4%E9%9B%BB%2F%E7%85%A7%E6%98%8E%E8%A8%AD%E5%82%99%2F%E6%BC%8F%E6%B0%B4+%E4%BF%AE%E7%B9%95%2F%E8%99%95%E7%90%86%2F%E6%B1%B0%E6%8F%9B+%E5%A2%9E%E8%A8%AD%E6%8F%92%E5%BA%A7+%E5%B0%88%E6%A5%AD%E5%83%B9%E6%A0%BC%E6%8E%A8%E8%96%A6+PTT+Dcard/data=!4m7!3m6!1s0x34681f26483747d7:0x5d1168a9f756c49b!8m2!3d24.9954072!4d121.2925063!16s%2Fg%2F11fpqws13b!19sChIJ10c3SCYfaDQRm8RW96loEV0?authuser=0&hl=zh-TW&rclk=1,【水電119】-桃園市水電行 老屋翻新/衛浴設備/馬桶/加壓馬達/水龍頭/水塔安裝 全室抽換電線/配管配線 水電/照明設備/漏水 修繕/處理/汰換 增設插座 專業價格推薦 PTT Dcard,4.6,(79),水匠,·,文中路95巷9號,·,已打烊,· 開始營業時間：週一08:00,0932 977 932,,網站,,,https://www.facebook.com/p/%E6%B0%B4%E9%9B%BB119-100063618772179/,,規劃路線,,,,
,,,,https://www.google.com/maps/place/%E8%97%8D%E6%A3%AE%E6%B0%B4%E9%9B%BB%E8%A1%8C%EF%BC%88%E6%88%90%E5%8A%9F%EF%BC%89/data=!4m7!3m6!1s0x3442a985aba95851:0xf866a30268b4603a!8m2!3d25.0252252!4d121.5447585!16s%2Fg%2F11cspx1jjf!19sChIJUVipq4WpQjQROmC0aAKjZvg?authuser=0&hl=zh-TW&rclk=1,藍森水電行（成功）,5.0,(4),水電承辦商,·,和平東路二段 283巷15弄5號 號,已打烊,· 開始營業時間：週一09:00,·,0927 915 539,,規劃路線,,,,,,,,,
,,,,https://www.google.com/maps/place/%E5%9C%8B%E6%BA%90%E6%B0%B4%E9%9B%BB%E8%A1%8C/data=!4m7!3m6!1s0x3442a9c03730a9a9:0xe207091da92d40e7!8m2!3d25.015156!4d121.513087!16s%2Fg%2F11g63yvn3h!19sChIJqakwN8CpQjQR50AtqR0JB-I?authuser=0&hl=zh-TW&rclk=1,國源水電行,4.7,(46),水匠,·,文化路101號1樓,已打烊,· 開始營業時間：週一09:00,·,02 2231 6461,,規劃路線,,,,,,,,,
,,,,https://www.google.com/maps/place/%E6%99%9F%E5%8A%9F%E6%B0%B4%E9%9B%BB%E8%A1%8C/data=!4m7!3m6!1s0x3442abd2d03089ad:0xe11f9c62110a3375!8m2!3d25.0311181!4d121.5441949!16s%2Fg%2F1pzt__v3s!19sChIJrYkw0NKrQjQRdTMKEWKcH-E?authuser=0&hl=zh-TW&rclk=1,晟功水電行,3.2,(84),水匠,·,瑞安街23巷3號1樓,,,,02 2702 4567,,規劃路線,,,,,,,,,
,,,,https://www.google.com/maps/place/%E7%AC%AC%E4%B8%80%E5%BB%9A%E5%85%B7%E7%87%88%E9%A3%BE%E6%B0%B4%E9%9B%BB%E8%A1%8C/data=!4m7!3m6!1s0x3442a9c0edbdca51:0x9935d71754d23851!8m2!3d25.0162466!4d121.5105151!16s%2Fg%2F1pzw8wzcf!19sChIJUcq97cCpQjQRUTjSVBfXNZk?authuser=0&hl=zh-TW&rclk=1,第一廚具燈飾水電行,5.0,(115),水電承辦商,·,文化路153-1號1樓,營業中,· 打烊時間：21:00,·,02 2920 9922,,規劃路線,,,,,,,,,
,,,,https://www.google.com/maps/place/%E8%99%B9%E9%81%94%E6%B0%B4%E9%9B%BB%E8%A1%8C/data=!4m7!3m6!1s0x3442a9bf847a7ef7:0xe8e5e233cd385c9a!8m2!3d25.017278!4d121.511436!16s%2Fg%2F11hctgp_t9!19sChIJ9356hL-pQjQRmlw4zTPi5eg?authuser=0&hl=zh-TW&rclk=1,虹達水電行,4.6,(10),水電承辦商,·,環河西路一段95巷20號,營業中,· 打烊時間：21:00,·,02 2928 7630,,規劃路線,,,,,,,,,
,,,,https://www.google.com/maps/place/%E9%87%91%E9%BE%8D%E6%B0%B4%E9%9B%BB%E8%A1%8C/data=!4m7!3m6!1s0x3442a9c03b3fa2c9:0xc16dcc061c58f6e5!8m2!3d25.0154092!4d121.5133576!16s%2Fg%2F1pzwnq_7_!19sChIJyaI_O8CpQjQR5fZYHAbMbcE?authuser=0&hl=zh-TW&rclk=1,金龍水電行,2.3,(36),水電承辦商,·,文化路114號,已打烊,· 開始營業時間：週一10:00,·,02 2921 6161,,規劃路線,,,,,,,,,
,,,,https://www.google.com/maps/place/%E6%B0%B8%E5%92%8C%E6%9A%89%E6%B0%B4%E9%9B%BB%E8%A1%8C%EF%BC%88%E9%80%9A%E6%B0%B4%E7%AE%A1%EF%BC%8930%E5%B9%B4%E7%B6%93%E9%A9%97/data=!4m7!3m6!1s0x3442a99aabee461d:0x1874c557c582a27e!8m2!3d25.0110771!4d121.5145295!16s%2Fg%2F11ytllnrt0!19sChIJHUbuq5qpQjQRfqKCxVfFdBg?authuser=0&hl=zh-TW&rclk=1,永和暉水電行（通水管）30年經驗,5.0,(22),水電承辦商,·,永和路二段57號7樓,營業中,· 打烊時間：19:00,·,0937 454 010,,規劃路線,,,,,,線上估價服務,,,
,,,,https://www.google.com/maps/place/%E6%97%AD%E6%98%8E%E6%B0%B4%E9%9B%BB%E8%A1%8C/data=!4m7!3m6!1s0x3442a98c71aa0adf:0xb122e1fd65eeb907!8m2!3d25.035076!4d121.5342841!16s%2Fg%2F11gzpdkhlw!19sChIJ3wqqcYypQjQRB7nuZf3hIrE?authuser=0&hl=zh-TW&rclk=1,旭明水電行,2.6,(5),雜貨店,·,新生南路一段157巷11號,已打烊,· 開始營業時間：週一09:00,·,02 2706 3163,,規劃路線,,,,,,外送,,,
,,,,https://www.google.com/maps/place/%E7%BF%94%E8%A3%95%E6%B0%B4%E9%9B%BB%E5%B7%A5%E7%A8%8B%E8%A1%8C/data=!4m7!3m6!1s0x3442abc89fe829a7:0x530fe2f714ebcd29!8m2!3d25.0340298!4d121.5506857!16s%2Fg%2F11yg9jq_g!19sChIJpynon8irQjQRKc3rFPfiD1M?authuser=0&hl=zh-TW&rclk=1,翔裕水電工程行,4.7,(175),電匠,·,安和路一段112巷21-1號,·,已打烊,· 開始營業時間：週一08:30,02 2926 6801,,網站,,,https://www.facebook.com/jinfa3816,,規劃路線,,,,
,,,,https://www.google.com/maps/place/%E9%BE%8D%E5%8B%9D%E6%B0%B4%E9%9B%BB%E8%A1%8C/data=!4m7!3m6!1s0x3442abd7749e84bf:0x69817896c8c1368f!8m2!3d25.0410705!4d121.5404391!16s%2Fg%2F1pzs0p79j!19sChIJv4SedNerQjQRjzbByJZ4gWk?authuser=0&hl=zh-TW&rclk=1,龍勝水電行,4.4,(38),水電承辦商,·,忠孝東路三段216巷3弄10號1樓,已打烊,· 開始營業時間：週一10:00,·,02 2721 6351,,規劃路線,,,,,,,,,
,,,,https://www.google.com/maps/place/%E6%8C%AF%E5%8B%9D%E5%B7%A5%E7%A8%8B%E8%A1%8C/data=!4m7!3m6!1s0x3442a9a29d74a877:0x8fc654f6b7d8d774!8m2!3d25.0294009!4d121.514049!16s%2Fg%2F1pzpwqntk!19sChIJd6h0naKpQjQRdNfYt_ZUxo8?authuser=0&hl=zh-TW&rclk=1,振勝工程行,2.0,(4),建築工程,·,寧波西街106之2號,,,,02 2309 4879,,規劃路線,,,,,,,,,
,,,,https://www.google.com/maps/place/%E5%9C%8B%E8%B3%93%E6%B0%B4%E9%9B%BB%E8%A1%8C/data=!4m7!3m6!1s0x3442a9829927b2e5:0x16a136a5bcc448cd!8m2!3d25.0346815!4d121.5272047!16s%2Fg%2F1pzxfv8d7!19sChIJ5bInmYKpQjQRzUjEvKU2oRY?authuser=0&hl=zh-TW&rclk=1,國賓水電行,3.3,(16),水匠,·,金山南路一段140號,已打烊,· 開始營業時間：週一08:00,·,02 2351 7609,,規劃路線,,,,,,,,,
,,,,https://www.google.com/maps/place/%E9%9A%86%E8%AA%A0%E6%B0%B4%E9%9B%BB%E8%A1%8C%2824%E5%B0%8F%E6%99%82%E6%B0%B4%E9%9B%BB%E6%90%B6%E4%BF%AE%29/data=!4m7!3m6!1s0x3442ab13e9a6f01b:0x89c352b7be2845b9!8m2!3d25.0409335!4d121.5506256!16s%2Fg%2F11tjrh17px!19sChIJG_Cm6ROrQjQRuUUovrdSw4k?authuser=0&hl=zh-TW&rclk=1,隆誠水電行(24小時水電搶修),4.6,(195),水匠,·,忠孝東路四段170巷6弄1號,24 小時營業,,·,02 2707 1696,,規劃路線,,,,,,,,,
